<?xml version="1.0" encoding="UTF-8"?>
<configurations revision="3">
	<configuration counter="ARMv8_Kryo_4x0_Gold_system" cores="1"/>
	<configuration counter="ARMv8_Kryo_4x0_Gold_user" cores="1"/>
	<configuration counter="ARMv8_Kryo_4x0_Gold_ccnt"/>
	<configuration counter="ARMv8_Kryo_4x0_Gold_cnt0" event="0x8"/>
	<configuration counter="ARMv8_Kryo_4x0_Gold_cnt1" event="0x12"/>

	<configuration counter="Other_user" cores="1"/>
	<configuration counter="Other_system" cores="1"/>
	<configuration counter="Other_ccnt"/>
	<configuration counter="Other_cnt0" event="0x8"/>
	<configuration counter="Other_cnt1" event="0x12"/>
</configurations>
