<?xml version="1.0" encoding="UTF-8"?>
<configurations revision="3">
	<configuration counter="ARMv8_Kryo_2x0_Gold_system" cores="1"/>
	<configuration counter="ARMv8_Kryo_2x0_Gold_user" cores="1"/>
	<configuration counter="ARMv8_Kryo_2x0_Gold_ccnt"/>
	<configuration counter="ARMv8_Kryo_2x0_Gold_cnt0" event="0x8"/>
	<configuration counter="ARMv8_Kryo_2x0_Gold_cnt1" event="0x12"/>

	<configuration counter="ARMv8_Kryo_2x0_Silver_user" cores="1"/>
	<configuration counter="ARMv8_Kryo_2x0_Silver_system" cores="1"/>
	<configuration counter="ARMv8_Kryo_2x0_Silver_ccnt"/>
	<configuration counter="ARMv8_Kryo_2x0_Silver_cnt0" event="0x8"/>
	<configuration counter="ARMv8_Kryo_2x0_Silver_cnt1" event="0x12"/>
</configurations>
