<?xml version="1.0" encoding="utf-8"?>
<captured version="1" backtrace_processing="perf" type="Perf" protocol="700" created="1567626217">
  <target sample_rate="1009" name="Qualcomm Technologies, Inc SDM845" cores="8" gpu_cores="0" gatord_src_md5sum="93f6cb2d25235905ee850e354c8b0d0f" gatord_build_id="c59b04ec849edf0dd1586d52d6daa4cd7e67eada" cpuid="0x51803" supports_live="yes" local_capture="yes" os="android" os_version="23" />
  <counters>
    <counter key="0x14" type="ARMv8_Kryo_3x0_Gold_cnt0" event="0x34" />
    <counter key="0x16" type="ARMv8_Kryo_3x0_Gold_cnt1" event="0xc2" />
    <counter key="0x18" type="ARMv8_Kryo_3x0_Gold_cnt2" event="0xd" />
    <counter key="0x26" type="ARMv8_Kryo_3x0_Gold_system" cores="1" />
    <counter key="0x28" type="ARMv8_Kryo_3x0_Gold_user" cores="1" />
    <counter key="0x22" type="ARMv8_Kryo_3x0_Silver_system" cores="1" />
    <counter key="0x24" type="ARMv8_Kryo_3x0_Silver_user" cores="1" />
    <counter key="0x3e" type="Linux_meminfo_memfree" />
    <counter key="0x3c" type="Linux_meminfo_memused2" />
  </counters>
</captured>
