<?xml version="1.0" encoding="utf-8"?>
  <counters>
    <counter name="PERF_COUNT_SW_EMULATION_FAULTS" />
    <counter name="PERF_COUNT_SW_ALIGNMENT_FAULTS" />
    <counter name="PERF_COUNT_SW_PAGE_FAULTS_MIN" />
    <counter name="PERF_COUNT_SW_PAGE_FAULTS_MAJ" />
    <counter name="PERF_COUNT_SW_PAGE_FAULTS" />
    <counter name="PERF_COUNT_SW_CPU_MIGRATIONS" />
    <counter name="PERF_COUNT_SW_CONTEXT_SWITCHES" />
    <counter name="PERF_COUNT_SW_TASK_CLOCK" />
    <counter name="PERF_COUNT_SW_CPU_CLOCK" />
    <counter name="ARMv8_Kryo_3x0_Gold_user" />
    <counter name="ARMv8_Kryo_3x0_Gold_system" />
    <counter name="ARMv8_Kryo_3x0_Silver_user" />
    <counter name="ARMv8_Kryo_3x0_Silver_system" />
    <counter name="Linux_cpu_wait_contention" />
    <counter name="ARMv8_Kryo_3x0_Gold_cnt5" />
    <counter name="ARMv8_Kryo_3x0_Gold_cnt4" />
    <counter name="ARMv8_Kryo_3x0_Gold_cnt3" />
    <counter name="ARMv8_Kryo_3x0_Gold_cnt2" />
    <counter name="ARMv8_Kryo_3x0_Gold_cnt1" />
    <counter name="ARMv8_Kryo_3x0_Gold_cnt0" />
    <counter name="ARMv8_Kryo_3x0_Gold_ccnt" />
    <counter name="ARMv8_Kryo_3x0_Silver_cnt5" />
    <counter name="ARMv8_Kryo_3x0_Silver_cnt4" />
    <counter name="ARMv8_Kryo_3x0_Silver_cnt3" />
    <counter name="ARMv8_Kryo_3x0_Silver_cnt2" />
    <counter name="ARMv8_Kryo_3x0_Silver_cnt1" />
    <counter name="ARMv8_Kryo_3x0_Silver_cnt0" />
    <counter name="ARMv8_Kryo_3x0_Silver_ccnt" />
    <counter name="Linux_meminfo_slab" />
    <counter name="Linux_meminfo_cached" />
    <counter name="Linux_meminfo_bufferram" />
    <counter name="Linux_meminfo_memfree" />
    <counter name="Linux_meminfo_memused2" />
    <counter name="Linux_net_tx" />
    <counter name="Linux_net_rx" />
<setup_warnings>No Perf PMUs detected
Could not detect any Perf PMUs in /sys/bus/event_source/devices/ but the system contains recognised CPUs. The system may not support perf hardware counters. Check CONFIG_HW_PERF_EVENTS is set and that the PMU is configured in the target device tree.|Profiling Source
Using perf API for primary data source|Libsensors is disabled
Initialize failed (-4)|Linux counters
Cannot access /proc/diskstats. Disk I/O read and write counters not available.|Ftrace is disabled
Unable to locate the tracing directory|Ftrace is disabled
Unable to locate the tracing directory|Atrace is disabled
Support for ftrace is required|</setup_warnings>
<cluster id="0" name="ARMv8_Kryo_3x0_Gold" />
<cluster id="1" name="ARMv8_Kryo_3x0_Silver" />
<cpu id="0" cluster="1" />
<cpu id="1" cluster="1" />
<cpu id="2" cluster="1" />
<cpu id="3" cluster="1" />
<cpu id="4" cluster="0" />
<cpu id="5" cluster="0" />
<cpu id="6" cluster="0" />
<cpu id="7" cluster="0" />
  </counters>
